
		[{
			"src":"http://img12.yiguoimg.com/d/items/2019/190329/9288737672373885_300.jpg",
			"name":"新疆阿克苏以上/个",
			"price":"129.00",
			"goodsId":"2152151"
		},{
			"src":"http://img11.yiguoimg.com/d/items/2019/190401/9288737708713601_300.jpg",
			"name":"新疆阿克苏冰糖心苹果1.5kg果径80mm以上/个",
			"price":"39.90",
			"goodsId":4
		},{
			"src":"http://img13.yiguoimg.com/d/items/2019/190329/9288737670637181_300.jpg",
			"name":"山东蓬莱红富士苹果9g/个",
			"price":"2999.00",
			"goodsId":5
		},{
			"src":"http://img14.yiguoimg.com/d/items/2019/190401/9288737709303425_300.jpg",
			"name":"荣耀9i 4GB+64GB 魅海蓝 移动机 双卡双待",
			"price":"1399.00",
			"goodsId":6
		},{
			"src":"http://img11.yiguoimg.com/d/items/2019/190401/9288737708713601_300.jpg",
			"name":"小米 红米Note5A 移动4G+版全",
			"price":"999.00",
			"goodsId":"fewfewfew"
		},{
			"src":"http://img13.yiguoimg.com/d/items/2019/190329/9288737672865405_300.jpg",
			"name":"小米8 全面屏游戏智能手 双卡双待  拍照手机",
			"price":"2999.00",
			"goodsId":8
		},{
			"src":"http://img13.yiguoimg.com/d/items/2019/190329/9288737672865405_300.jpg",
			"name":"小米 红米Note5A 移动4G+版全网通 拍照手机",
			"price":"999.00",
			"goodsId":9
		},{
			"src":"http://img13.yiguoimg.com/d/items/2019/190329/9288737672865405_300.jpg",
			"name":"小米8 全面屏游戏智能手机 6G拍照手机",
			"price":"2999.00",
			"goodsId":10
		}]